dealercode,dealername
GOMTI AUTO SALES & SERVICES PVT LTD,GOMTI AUTO SALES & SERVICES PVT LTD
RAY AUTO,RAY AUTO
HARBIR AUTOMOBILE PVT LTD,HARBIR AUTOMOBILE PVT LTD
ATMARAM AUTO ENTERPRISES,ATMARAM AUTO ENTERPRISES
UNIQUE MOTORS GLOBE,UNIQUE MOTORS GLOBE
B. MANGATRAM AND CO.,B. MANGATRAM AND CO.
JAI SRI SAI AUTO,JAI SRI SAI AUTO
SATPUDA AUTOMOBILES,SATPUDA AUTOMOBILES
UTKAL AUTOMOBILES PVT LTD,UTKAL AUTOMOBILES PVT LTD
BIKANER MOTORS PVT LTD,BIKANER MOTORS PVT LTD
AUTOMOTIVE MANUFACTURERS PVT LTD,AUTOMOTIVE MANUFACTURERS PVT LTD
TRENDY WHEELS PVT LTD,TRENDY WHEELS PVT LTD
BISHWANATH ASHOK AUTO LLP,BISHWANATH ASHOK AUTO LLP
RATANDEEP MOTORS LLP,RATANDEEP MOTORS LLP
KIRAN AUTOMOBILES PVT LTD,KIRAN AUTOMOBILES PVT LTD
STAR AUTOMOBILES,STAR AUTOMOBILES
JANATA GARRAGE,JANATA GARRAGE
KIYAAN AUTOMOBILES,KIYAAN AUTOMOBILES
SALASAR AUTOCRAFTS PVT LTD,SALASAR AUTOCRAFTS PVT LTD
KANHA MOTORS,KANHA MOTORS
PBM AUTOMOTIVE LLP,PBM AUTOMOTIVE LLP
MIGHTY AUTOWHEELS PVT LTD,MIGHTY AUTOWHEELS PVT LTD
SKA AUTOMOBILE,SKA AUTOMOBILE
BHILWARA AGRO AUTO SERVICES PVT LTD,BHILWARA AGRO AUTO SERVICES PVT LTD
K.J. GROUP AND ASSOCIATES,K.J. GROUP AND ASSOCIATES
PUNJ AUTOS PVT LTD,PUNJ AUTOS PVT LTD
PMG AUTOMOBILES PVT LTD,PMG AUTOMOBILES PVT LTD
VAYALAT AUTOMOBILES PRIVATE LIMITED,VAYALAT AUTOMOBILES PRIVATE LIMITED
SONA WHEELS PRIVATE LIMITED,SONA WHEELS PRIVATE LIMITED
INS AUTOMOBILES PVT LTD.,INS AUTOMOBILES PVT LTD.
TIRUPATI VEHICLES PVT LTD,TIRUPATI VEHICLES PVT LTD
JAIN CARS AND AUTO SALES PVT LTD,JAIN CARS AND AUTO SALES PVT LTD
SHIVZ AUTOTECH PVT LTD,SHIVZ AUTOTECH PVT LTD
K. S. AUTOMOBILES PVT LTD,K. S. AUTOMOBILES PVT LTD
CENTRAL MOTORS,CENTRAL MOTORS
PIONEER AUTOWORLD (GUNTUR) PVT LTD,PIONEER AUTOWORLD (GUNTUR) PVT LTD
H D MOTORS,H D MOTORS
INDIA GARAGE,INDIA GARAGE
SRI LAKSHMI AUTOMOBILES WORLD,SRI LAKSHMI AUTOMOBILES WORLD
TRS COMMERCIALS LLP,TRS COMMERCIALS LLP
MAHALAXMI MOTORS,MAHALAXMI MOTORS
SCHANGALAYA MOTORS,SCHANGALAYA MOTORS
VIJAYA MOTORS,VIJAYA MOTORS
SIRI MOTOR VENTURES PVT LTD,SIRI MOTOR VENTURES PVT LTD
MODEL FUELS PVT LTD,MODEL FUELS PVT LTD
TITANIA MOTOCORP PVT LTD,TITANIA MOTOCORP PVT LTD
S. N. MOTORS PVT LTD,S. N. MOTORS PVT LTD
PUNE MOTORS,PUNE MOTORS
LEADER AUTOMOBILES,LEADER AUTOMOBILES
JATTARI AUTO SALES,JATTARI AUTO SALES
ANANDA AUTOMOTIVES,ANANDA AUTOMOTIVES
SHREE R C ENTERPRISES,SHREE R C ENTERPRISES
SHASHANK AUTO PVT LTD,SHASHANK AUTO PVT LTD
STAR INDIA AGENCIES PVT LTD,STAR INDIA AGENCIES PVT LTD
SKYLINE AUTOMOBILES,SKYLINE AUTOMOBILES
SIDDHANTH MOTORS,SIDDHANTH MOTORS
BHAGIRATHI AUTOMOBILES,BHAGIRATHI AUTOMOBILES
KARAN AUTOMOTIVES,KARAN AUTOMOTIVES
M/S KAJOL MOTORS,M/S KAJOL MOTORS
R.K AUTOTECH,R.K AUTOTECH
TIWARI BROTHERS,TIWARI BROTHERS
SHIV AUTOWINGS,SHIV AUTOWINGS
SANJAY AUTOMOTIVE LLP,SANJAY AUTOMOTIVE LLP
N.R.L AUTOSALES PRIVATE LIMITED,N.R.L AUTOSALES PRIVATE LIMITED
AUTO WORLD (K S AUTO SERVICES PVT LTD),AUTO WORLD (K S AUTO SERVICES PVT LTD)
SIWAN TRACTORS PVT LTD,SIWAN TRACTORS PVT LTD
BAGLA COMMERCIAL,BAGLA COMMERCIAL
AMG COMMERCIAL VEHICLES,AMG COMMERCIAL VEHICLES
MEGA AUTOMOBILES PVT LTD,MEGA AUTOMOBILES PVT LTD
NANAVATI AUTOMOTIVE,NANAVATI AUTOMOTIVE
BENCH DEVICE,BENCH DEVICE
BHAVNA AUTOMOBILES PVT LTD,BHAVNA AUTOMOBILES PVT LTD
VEENA MOTORS,VEENA MOTORS
SKY AUTOMOBILE,SKY AUTOMOBILE
ANANTCARS AUTO PVT LTD,ANANTCARS AUTO PVT LTD
OM AUTO PVT LTD,OM AUTO PVT LTD
M. G. B. MOBILES,M. G. B. MOBILES
SUTARIA AUTO CENTER,SUTARIA AUTO CENTER
AAKASH AUTOMOTIVES,AAKASH AUTOMOTIVES
CHANDAMAMA MOTORS,CHANDAMAMA MOTORS
CHOLA MOTORS,CHOLA MOTORS
EMINENT SPARES,EMINENT SPARES
ANAND MOTORS,ANAND MOTORS
HORA MOTORS,HORA MOTORS
SALUJA AUTO RETAILS PVT LTD,SALUJA AUTO RETAILS PVT LTD
LOHCHAB MOTOR COMPANY PVT LTD,LOHCHAB MOTOR COMPANY PVT LTD
NEXERA MOTORS PRIVATE LIMITED,NEXERA MOTORS PRIVATE LIMITED
PRESIDENT AUTOMOBILES,PRESIDENT AUTOMOBILES
ASSAM MOTORS,ASSAM MOTORS
CHENNAI EV,CHENNAI EV
ZULAIKHA MOTORS PVT LTD,ZULAIKHA MOTORS PVT LTD
TARASANKAR MOTOR PVT LTD,TARASANKAR MOTOR PVT LTD
BHAVIN WHEELS PVT LTD,BHAVIN WHEELS PVT LTD
J S GROVER AUTOS PVT LTD,J S GROVER AUTOS PVT LTD
SANSAI AUTO SERVICES PVT LTD,SANSAI AUTO SERVICES PVT LTD
BAJARANG MOTORS,BAJARANG MOTORS
REYANSH EV COMPANY,REYANSH EV COMPANY
SUMUKHA MOBILITY LLP,SUMUKHA MOBILITY LLP
MASUM AUTOMOBILES,MASUM AUTOMOBILES
KHOKAN MOTOR WORKS PVT LTD,KHOKAN MOTOR WORKS PVT LTD
FUTURE AUTOMOBILE AGENCY PVT LTD,FUTURE AUTOMOBILE AGENCY PVT LTD
DERIK MOTORS (P) LTD,DERIK MOTORS (P) LTD
A 2 Z AUTO WHEELS PVT LTD,A 2 Z AUTO WHEELS PVT LTD
RAMANI MOTORS PRIVATE LIMITED,RAMANI MOTORS PRIVATE LIMITED
M. M. VORA AUTOMOBILES PVT LTD,M. M. VORA AUTOMOBILES PVT LTD
SAHYADRI MOTORS PVT LTD.,SAHYADRI MOTORS PVT LTD.
NATRAJ AUTOLINK PRIVATE LIMITED,NATRAJ AUTOLINK PRIVATE LIMITED
GANDHI MOTORS,GANDHI MOTORS
SIMLA AUTOMOBILES PVT LTD.,SIMLA AUTOMOBILES PVT LTD.
SB TRADING CO,SB TRADING CO
GARG MOTORS,GARG MOTORS
SREE RAVI RAJ AGRO SERVICE,SREE RAVI RAJ AGRO SERVICE
PROVINCIAL AUTOMOBILE CO. PVT LTD,PROVINCIAL AUTOMOBILE CO. PVT LTD
SHRI KAKAJI AUTOMOTIVES,SHRI KAKAJI AUTOMOTIVES
HIMATSINGKA BROTHERS,HIMATSINGKA BROTHERS
PARAM AUTOMOTIVE PRIVATE LTD,PARAM AUTOMOTIVE PRIVATE LTD
ARINJAY AUTO AGENCY LLP,ARINJAY AUTO AGENCY LLP
MY MOTORS,MY MOTORS
MAHANTH MOTORS,MAHANTH MOTORS
NGM AUTOWHEELS,NGM AUTOWHEELS
SABITA AUTOMOBILES,SABITA AUTOMOBILES
JAY MOTORS,JAY MOTORS
SRIVARI AUTOMOTIVES PVT LTD,SRIVARI AUTOMOTIVES PVT LTD
RATHI MOTORS (SHUJALPUR) PVT LTD,RATHI MOTORS (SHUJALPUR) PVT LTD
ASTRO INDIA AUTOMOBILE PVT LTD,ASTRO INDIA AUTOMOBILE PVT LTD
NAFE MOTORS,NAFE MOTORS
SWARAN AUTOMOBILES,SWARAN AUTOMOBILES
SHRI RAM MOTORS,SHRI RAM MOTORS
VISWAJEET UDYOG PVT LTD,VISWAJEET UDYOG PVT LTD
SRI RAMKRISHNA ENGG. WORKS,SRI RAMKRISHNA ENGG. WORKS
SHIVNATH MOTORS (I) PVT LTD,SHIVNATH MOTORS (I) PVT LTD
RAGA MOTORS PVT LTD,RAGA MOTORS PVT LTD
SUPREME MOBILES PVT LTD.,SUPREME MOBILES PVT LTD.
RALAS AUTOMOBILES,RALAS AUTOMOBILES
AUTO WORLD,AUTO WORLD
BHAGIRATH MOTORS INDIA PVT LTD,BHAGIRATH MOTORS INDIA PVT LTD
RAGA MOTORS,RAGA MOTORS
PARAM WHEELS LLP,PARAM WHEELS LLP
ANGEL AUTO WHEELS PVT LTD,ANGEL AUTO WHEELS PVT LTD
SHREE AUTOMOTIVE PVT LTD,SHREE AUTOMOTIVE PVT LTD
SHRIJEE MOTOCORP LLP,SHRIJEE MOTOCORP LLP
TINSUKIA AUTOMOBILES LLP,TINSUKIA AUTOMOBILES LLP
G. D. MOTORS,G. D. MOTORS
APR AUTOMOBILES PVT LTD,APR AUTOMOBILES PVT LTD
ORICON EQUIPMENTS PRIVATE LIMITED,ORICON EQUIPMENTS PRIVATE LIMITED
AVC MOTORS,AVC MOTORS
PODDAR AUTOCORP PVT LTD,PODDAR AUTOCORP PVT LTD
PRIME AUTOMOTIVES LLP,PRIME AUTOMOTIVES LLP
MAHARANI AUTOES,MAHARANI AUTOES
P C TRADERS,P C TRADERS
MG COMMERCIAL VEHICLES,MG COMMERCIAL VEHICLES
RATNAPPRABBHA MOTORS,RATNAPPRABBHA MOTORS
SHREE BALAJI COMMERCIAL,SHREE BALAJI COMMERCIAL
MEET ASSOCIATES PVT LTD,MEET ASSOCIATES PVT LTD
"UNNATI MOTORS, A DIVISION OF MICROPARK LOGISTICS PRIVATE LIMITED","UNNATI MOTORS, A DIVISION OF MICROPARK LOGISTICS PRIVATE LIMITED"
BASANTI AUTO AGENCY,BASANTI AUTO AGENCY
ROHIT AUTOMOBILES,ROHIT AUTOMOBILES
EVERGREEN MOTORS,EVERGREEN MOTORS
BHAGAWATI ELITE MOTORS PVT LTD,BHAGAWATI ELITE MOTORS PVT LTD
AGARWAL AUTO SALES,AGARWAL AUTO SALES
"C/O SUTIKSHAN PRASAD JAISWAL,  KHALIBA ROAD, LATORI","C/O SUTIKSHAN PRASAD JAISWAL,  KHALIBA ROAD, LATORI"
PARAM AUTOMOBILES PVT LTD,PARAM AUTOMOBILES PVT LTD
PREMIER AUTO SALES N SERVICE,PREMIER AUTO SALES N SERVICE
MAKKAR MOTORS PVT LTD,MAKKAR MOTORS PVT LTD
SIDDHIVINAYAK MOTORS PVT LTD,SIDDHIVINAYAK MOTORS PVT LTD
UJWAL ENTERPRISES (I) PVT LTD,UJWAL ENTERPRISES (I) PVT LTD
AMIT MOTORS PVT LTD,AMIT MOTORS PVT LTD
KKP MOTORS,KKP MOTORS
B R BALAJI LLP,B R BALAJI LLP
GADRE AUTOCON PVT LTD,GADRE AUTOCON PVT LTD
KARNATAKA AGENCIES,KARNATAKA AGENCIES
BHAGAWATI FRONTLINE MOTORIZER PVT LTD,BHAGAWATI FRONTLINE MOTORIZER PVT LTD
RAMAYAN AUTO ALLIED SERVICES,RAMAYAN AUTO ALLIED SERVICES
KAMAL CARLINE PVT LTD,KAMAL CARLINE PVT LTD
UNITED AUTOMOBILES,UNITED AUTOMOBILES
KRISHNA AUTOMOTIVE,KRISHNA AUTOMOTIVE
SUN SHINE AUTOS PVT LTD,SUN SHINE AUTOS PVT LTD
HATORKI MOTORS PRIVATE LIMITED,HATORKI MOTORS PRIVATE LIMITED
BHARAT MOTORS,BHARAT MOTORS
SANNIDHI MOTORS,SANNIDHI MOTORS
BALAJI AGENCIES & INDUSTRIES,BALAJI AGENCIES & INDUSTRIES
JAGANNATH WHEELS,JAGANNATH WHEELS
WONDER MOTORS LLP,WONDER MOTORS LLP
AUTO CENTRE,AUTO CENTRE
ETGO CORPORATION LLP,ETGO CORPORATION LLP
PARAMOUNT AUTOMOTIVES PVT LTD,PARAMOUNT AUTOMOTIVES PVT LTD
RANDHAWA MOTORS (A DIV OF RANDHAWA AUTOMOBILE ENGINEERING PVT LTD),RANDHAWA MOTORS (A DIV OF RANDHAWA AUTOMOBILE ENGINEERING PVT LTD)
R. D. AUTOMOBILES,R. D. AUTOMOBILES
BHAGAWATI INDIA MOTORIZER PVT LTD,BHAGAWATI INDIA MOTORIZER PVT LTD
CAI AUTO INDUSTRIES PVT LTD,CAI AUTO INDUSTRIES PVT LTD
SAMRAT CARS PVT LTD,SAMRAT CARS PVT LTD
OM NAMAH SHIVAY AUTOMOBILES,OM NAMAH SHIVAY AUTOMOBILES
BRAJESH AUTOMOBILES PVT LTD,BRAJESH AUTOMOBILES PVT LTD
BH MOTORS,BH MOTORS
BRAR AUTO WHEELS,BRAR AUTO WHEELS
SUPREME ELECTROTECH PVT LTD,SUPREME ELECTROTECH PVT LTD
NAGAUR AUTOMOBILES PVT LTD,NAGAUR AUTOMOBILES PVT LTD
M. S. MOTORS,M. S. MOTORS
ERAM MOTORS PVT LTD,ERAM MOTORS PVT LTD
M S AUTOMOBILE PRIVATE LIMITED (DP AUTO),M S AUTOMOBILE PRIVATE LIMITED (DP AUTO)
KAMLESH AUTOWHEELS PVT LTD,KAMLESH AUTOWHEELS PVT LTD
T V SUNDRAM IYENGAR AND SONS (P)LTD,T V SUNDRAM IYENGAR AND SONS (P)LTD
SNOWVIEW AUTOMOBILES PVT LTD,SNOWVIEW AUTOMOBILES PVT LTD
NATRAJ MOBILES PVT LTD,NATRAJ MOBILES PVT LTD
INTREPID WORKS PVT LTD,INTREPID WORKS PVT LTD
MAYA AUTOMOBILE,MAYA AUTOMOBILE
GREEN VALLEY AUTOWORKS LLP,GREEN VALLEY AUTOWORKS LLP
SHIVNATH AUTOMOBILES PVT LTD,SHIVNATH AUTOMOBILES PVT LTD
PURWANCHAL MOTORS PVT LTD,PURWANCHAL MOTORS PVT LTD
SHRIJEE MOTORS,SHRIJEE MOTORS
AHUJA AUTO ABHIKARAN,AHUJA AUTO ABHIKARAN
AAA MOTORS,AAA MOTORS
CORNERSTONE AUTOMOBILES,CORNERSTONE AUTOMOBILES
LEKH RAJ AUTO PLAZA PVT LTD,LEKH RAJ AUTO PLAZA PVT LTD
NAIK MOTORS,NAIK MOTORS
JAS MOVERS LLP,JAS MOVERS LLP
K S MOTORS (P) LTD.,K S MOTORS (P) LTD.
MAHABHAIRAV AUTO LLP,MAHABHAIRAV AUTO LLP
SHREE SHYAM JI AUTOMOTIVE LLP,SHREE SHYAM JI AUTOMOTIVE LLP
PPS MOTORS PVT LTD,PPS MOTORS PVT LTD
NARAIN AUTOMOBILES,NARAIN AUTOMOBILES
G N AUTONATION LLP,G N AUTONATION LLP
RAMNARAYAN SHIWPRASAD,RAMNARAYAN SHIWPRASAD
NBS INTERNATIONAL LTD.,NBS INTERNATIONAL LTD.
TEKRIWAL MOTORS PRIVATE LIMITED,TEKRIWAL MOTORS PRIVATE LIMITED
P. P. AUTOMOTIVE PVT LTD,P. P. AUTOMOTIVE PVT LTD
JAGRITI AUTO MOBILES,JAGRITI AUTO MOBILES
FAISAL MOTORS,FAISAL MOTORS
RISHAB MOTOR SALES PVT LTD,RISHAB MOTOR SALES PVT LTD
ACCORD MOTORS,ACCORD MOTORS
M AND N MOTORS PVT LTD,M AND N MOTORS PVT LTD
MAHAVIR TRADERS,MAHAVIR TRADERS
INDOMOBIL SALES AND SERVICES PRIVATE LIMITED,INDOMOBIL SALES AND SERVICES PRIVATE LIMITED
A. T. AUTOMOBILES,A. T. AUTOMOBILES
HIMALAYAN MOTORS,HIMALAYAN MOTORS
SKS INDIA PRIVATE LIMITED,SKS INDIA PRIVATE LIMITED
SHREE TIRUPATI AUTO,SHREE TIRUPATI AUTO
BALAJI AUTO WORKS PVT LTD,BALAJI AUTO WORKS PVT LTD
AMBER AUTOMOBILES,AMBER AUTOMOBILES
RAAJSHIV AUTOMOBILES PVT LTD,RAAJSHIV AUTOMOBILES PVT LTD
SHREE KEDARNATH AUTOMOBILES,SHREE KEDARNATH AUTOMOBILES
ADITYA ENTERPRISES,ADITYA ENTERPRISES
SHIVA AUTOMOBILES PVT LTD,SHIVA AUTOMOBILES PVT LTD
JAMMU MOTOR VEHICLES LLP,JAMMU MOTOR VEHICLES LLP
RADHAHARI MOTORS,RADHAHARI MOTORS
M/S RAJ MOTORS,M/S RAJ MOTORS
GEHLOT MOTORS PVT LTD,GEHLOT MOTORS PVT LTD
V. V. C. MOTORS,V. V. C. MOTORS
SAVAN IB AUTOWINGS PVT LTD,SAVAN IB AUTOWINGS PVT LTD
SINGH SARDAR MOTORS PRIVATE LIMITED,SINGH SARDAR MOTORS PRIVATE LIMITED
RUDRA AUTOMART PVT LTD,RUDRA AUTOMART PVT LTD
SMART AUTOHAUS INDIA PVT LTD,SMART AUTOHAUS INDIA PVT LTD
DEEP AUTOMOBILES,DEEP AUTOMOBILES
INDUSTRIAL AND FARM EQUIPMENT,INDUSTRIAL AND FARM EQUIPMENT
SOMYA VEHICLE SOLUTIONS PVT LTD,SOMYA VEHICLE SOLUTIONS PVT LTD
BOMBAY AUTOMOBILES,BOMBAY AUTOMOBILES
DEWAN FOURWHEELS PVT LTD,DEWAN FOURWHEELS PVT LTD
ASIAN MOTORS,ASIAN MOTORS
V. C. MOTORS PVT LTD,V. C. MOTORS PVT LTD
SRIDHA MOTORS PVT LTD,SRIDHA MOTORS PVT LTD
SRS CARS PVT LTD,SRS CARS PVT LTD
ROYAL AUTOMOBILES PVT LTD,ROYAL AUTOMOBILES PVT LTD
FUTURE LAST MILE PRIVATE LIMITED,FUTURE LAST MILE PRIVATE LIMITED
CI AUTOMOTORS PVT LTD,CI AUTOMOTORS PVT LTD
ANANT CARS,ANANT CARS
BELLARY MOTORS SALES PVT LTD,BELLARY MOTORS SALES PVT LTD
UTKAL AUTOCOACH PVT LTD,UTKAL AUTOCOACH PVT LTD
BUNDELKHAND AUTOMOBILES PVT LTD.,BUNDELKHAND AUTOMOBILES PVT LTD.
J. S. FOURWHEEL MOTORS PVT LTD,J. S. FOURWHEEL MOTORS PVT LTD
SUPREME AND COMPANY PVT LTD,SUPREME AND COMPANY PVT LTD
SILVER JUBILEE MOTORS LTD.,SILVER JUBILEE MOTORS LTD.
SANGAM AUTOMOBILES,SANGAM AUTOMOBILES
B S AUTO SALES,B S AUTO SALES
AMBER AUTO,AMBER AUTO
NEON MOTORS PVT LTD,NEON MOTORS PVT LTD
AKASH AUTO AGENCY,AKASH AUTO AGENCY
SARDAR MOTORS (AUTOWHEEL) PVT LTD,SARDAR MOTORS (AUTOWHEEL) PVT LTD
LOHARDAGA AUTOMOTIVE NXT,LOHARDAGA AUTOMOTIVE NXT
DHRUV TARA AUTOMOTIVES PVT LTD,DHRUV TARA AUTOMOTIVES PVT LTD
RAJ INDIA AUTO PVT LTD,RAJ INDIA AUTO PVT LTD
DEHRADUN PREMIER MOTORS PVT LTD,DEHRADUN PREMIER MOTORS PVT LTD
LOTUS SALES AND SERVICE,LOTUS SALES AND SERVICE
PUNJAB AUTOMOBILES (INDIA) PVT LTD,PUNJAB AUTOMOBILES (INDIA) PVT LTD
NOVELTY WHEELS PVT LTD,NOVELTY WHEELS PVT LTD
WORLDWIDE AUTOZONE PVT LTD,WORLDWIDE AUTOZONE PVT LTD
O. S. MOTORS PVT LTD,O. S. MOTORS PVT LTD
RAJENDRA AUTOWHEELS PVT LTD,RAJENDRA AUTOWHEELS PVT LTD
MICROPARK LOGISTICS PVT LTD,MICROPARK LOGISTICS PVT LTD
WIN WIN AUTOMOBILES PVT LTD,WIN WIN AUTOMOBILES PVT LTD
NEXGEN SOLUTION TECHNOLOGIES,NEXGEN SOLUTION TECHNOLOGIES
KALYAN AUTO SALES,KALYAN AUTO SALES
MOSARAM ENTERPRISES LIMITED,MOSARAM ENTERPRISES LIMITED
PLATINUM VEHICLES LLP,PLATINUM VEHICLES LLP
INDRAPRASTHA MOTORS PVT LTD,INDRAPRASTHA MOTORS PVT LTD
SAPTAGIRI MOTORS,SAPTAGIRI MOTORS
SHIV SHAKTI WAHAN PVT LTD,SHIV SHAKTI WAHAN PVT LTD
RAJ VEHICLES PVT LTD,RAJ VEHICLES PVT LTD
SKYLINE AUTOWHEELS PVT LTD,SKYLINE AUTOWHEELS PVT LTD
MINERVA AUTOMOBILES PVT LTD,MINERVA AUTOMOBILES PVT LTD
KUMAR AUTOWHEELS PVT LTD,KUMAR AUTOWHEELS PVT LTD
MAHINDRA AUTO DEALERS,MAHINDRA AUTO DEALERS